28/08/2019 19:54:14,1.0,1.0,1.0
28/08/2019 19:55:16,1.0,1.0,1.0
28/08/2019 19:56:40,1.0,1.0,1.0
28/08/2019 19:57:06,1.0,1.0,1.0
28/08/2019 19:57:20,1.0,1.0,1.0
28/08/2019 19:57:37,1.0,1.0,1.0
28/08/2019 19:58:09,1.0,1.0,1.0
28/08/2019 19:58:39,1.0,1.0,1.0
28/08/2019 19:59:08,1.0,1.0,1.0
28/08/2019 20:00:18,1.0,1.0,1.0
28/08/2019 20:00:47,1.0,1.0,1.0
28/08/2019 20:00:57,1.0,1.0,1.0
28/08/2019 20:01:07,1.0,1.0,1.0
28/08/2019 20:02:18,1.0,1.0,1.0
28/08/2019 20:04:10,1.0,1.0,1.0
28/08/2019 20:04:41,1.0,1.0,1.0
28/08/2019 20:05:09,1.0,1.0,1.0
28/08/2019 20:07:43,1.0,1.0,1.0
28/08/2019 20:17:23,1.0,1.0,1.0
28/08/2019 20:23:44,1.0,1.0,1.0
28/08/2019 20:25:31,1.0,1.0,1.0
28/08/2019 20:31:24,1.0,1.0,1.0
28/08/2019 20:42:15,1.0,1.0,1.0
28/08/2019 20:42:42,1.0,1.0,1.0
28/08/2019 20:56:21,1.0,1.0,1.0
28/08/2019 21:07:07,1.0,1.0,1.0
28/08/2019 21:11:02,1.0,1.0,1.0
28/08/2019 21:15:54,1.0,1.0,1.0
28/08/2019 21:26:41,1.0,1.0,1.0
28/08/2019 21:27:37,1.0,1.0,1.0
28/08/2019 21:30:43,1.0,1.0,1.0
28/08/2019 21:32:16,1.0,1.0,1.0
28/08/2019 21:33:11,1.0,1.0,1.0
28/08/2019 21:37:15,1.0,1.0,1.0
28/08/2019 21:38:53,1.0,1.0,1.0
28/08/2019 21:55:02,1.0,1.0,1.0
28/08/2019 21:56:25,1.0,1.0,1.0
28/08/2019 21:56:48,1.0,1.0,1.0
28/08/2019 21:58:44,1.0,1.0,1.0
28/08/2019 21:58:52,1.0,1.0,1.0
28/08/2019 22:00:06,1.0,1.0,1.0
28/08/2019 22:00:55,1.0,1.0,1.0
28/08/2019 22:01:15,1.0,1.0,1.0
28/08/2019 22:01:43,1.0,1.0,1.0
28/08/2019 22:02:03,1.0,1.0,1.0
28/08/2019 22:02:46,1.0,1.0,1.0
28/08/2019 22:03:13,1.0,1.0,1.0
28/08/2019 22:03:43,1.0,1.0,1.0
28/08/2019 22:04:13,1.0,1.0,1.0
28/08/2019 22:04:23,1.0,1.0,1.0
28/08/2019 22:04:33,1.0,1.0,1.0
28/08/2019 22:07:44,1.0,1.0,1.0
28/08/2019 22:08:08,1.0,1.0,1.0
28/08/2019 22:08:33,1.0,1.0,1.0
28/08/2019 22:09:13,1.0,1.0,1.0
28/08/2019 22:09:43,1.0,1.0,1.0
28/08/2019 22:09:53,1.0,1.0,1.0
28/08/2019 22:10:44,1.0,1.0,1.0
28/08/2019 22:11:50,1.0,1.0,1.0
28/08/2019 22:12:07,1.0,1.0,1.0
28/08/2019 22:12:23,1.0,1.0,1.0
28/08/2019 22:12:53,1.0,1.0,1.0
28/08/2019 22:13:16,1.0,1.0,1.0
28/08/2019 22:13:43,1.0,1.0,1.0
28/08/2019 22:13:53,1.0,1.0,1.0
28/08/2019 22:14:33,1.0,1.0,1.0
28/08/2019 22:15:49,1.0,1.0,1.0
28/08/2019 22:17:14,1.0,1.0,1.0
28/08/2019 22:17:38,1.0,1.0,1.0
28/08/2019 22:17:53,1.0,1.0,1.0
28/08/2019 22:33:59,1.0,1.0,1.0
28/08/2019 22:35:17,1.0,1.0,1.0
28/08/2019 22:35:48,1.0,1.0,1.0
28/08/2019 22:36:12,1.0,1.0,1.0
28/08/2019 22:37:36,1.0,1.0,1.0
28/08/2019 22:49:30,1.0,1.0,1.0
28/08/2019 22:51:14,1.0,1.0,1.0
28/08/2019 22:59:23,1.0,1.0,1.0
28/08/2019 23:03:37,1.0,1.0,1.0
28/08/2019 23:04:52,1.0,1.0,1.0
28/08/2019 23:11:24,1.0,1.0,1.0
28/08/2019 23:14:06,1.0,1.0,1.0
28/08/2019 23:14:47,1.0,1.0,1.0
28/08/2019 23:15:04,1.0,1.0,1.0
28/08/2019 23:22:42,1.0,1.0,1.0
28/08/2019 23:23:48,1.0,1.0,1.0
28/08/2019 23:26:57,1.0,1.0,1.0
28/08/2019 23:40:17,1.0,1.0,1.0
28/08/2019 23:40:50,1.0,1.0,1.0
28/08/2019 23:41:29,1.0,1.0,1.0
28/08/2019 23:47:08,1.0,1.0,1.0
28/08/2019 23:49:52,1.0,1.0,1.0
28/08/2019 23:50:29,1.0,1.0,1.0
28/08/2019 23:50:46,1.0,1.0,1.0
28/08/2019 23:52:15,1.0,1.0,1.0
28/08/2019 23:52:45,1.0,1.0,1.0
29/08/2019 00:21:06,1.0,1.0,1.0
29/08/2019 00:21:26,1.0,1.0,1.0
29/08/2019 00:25:16,1.0,1.0,1.0
29/08/2019 00:25:46,1.0,1.0,1.0
29/08/2019 00:26:18,1.0,1.0,1.0
29/08/2019 00:26:26,1.0,1.0,1.0
29/08/2019 00:27:37,1.0,1.0,1.0
29/08/2019 00:39:08,1.0,1.0,1.0
29/08/2019 00:39:16,1.0,1.0,1.0
29/08/2019 00:39:26,1.0,1.0,1.0
29/08/2019 00:39:46,1.0,1.0,1.0
29/08/2019 00:39:56,1.0,1.0,1.0
29/08/2019 00:40:36,1.0,1.0,1.0
29/08/2019 00:42:01,1.0,1.0,1.0
29/08/2019 00:44:00,1.0,1.0,1.0
29/08/2019 00:46:02,1.0,1.0,1.0
29/08/2019 00:46:38,1.0,1.0,1.0
29/08/2019 00:47:14,1.0,1.0,1.0
29/08/2019 00:47:26,1.0,1.0,1.0
29/08/2019 00:47:36,1.0,1.0,1.0
29/08/2019 00:48:17,1.0,1.0,1.0
29/08/2019 00:51:24,1.0,1.0,1.0
29/08/2019 00:52:05,1.0,1.0,1.0
29/08/2019 00:52:18,1.0,1.0,1.0
29/08/2019 00:52:36,1.0,1.0,1.0
29/08/2019 00:54:39,1.0,1.0,1.0
29/08/2019 00:54:56,1.0,1.0,1.0
29/08/2019 00:55:46,1.0,1.0,1.0
29/08/2019 00:56:13,1.0,1.0,1.0
29/08/2019 00:58:16,1.0,1.0,1.0
29/08/2019 00:58:58,1.0,1.0,1.0
29/08/2019 00:59:38,1.0,1.0,1.0
29/08/2019 01:00:07,1.0,1.0,1.0
29/08/2019 01:01:00,1.0,1.0,1.0
29/08/2019 04:48:48,1.0,1.0,1.0
29/08/2019 06:07:57,1.0,1.0,0.0
29/08/2019 09:28:24,1.0,1.0,1.0
29/08/2019 09:28:33,1.0,1.0,1.0
29/08/2019 09:51:54,1.0,1.0,1.0
29/08/2019 09:52:52,1.0,1.0,1.0
29/08/2019 09:54:11,1.0,1.0,1.0
29/08/2019 09:54:32,1.0,1.0,1.0
29/08/2019 09:56:34,1.0,1.0,1.0
29/08/2019 09:56:44,1.0,1.0,1.0
29/08/2019 10:03:21,1.0,1.0,1.0
29/08/2019 10:03:47,1.0,1.0,1.0
29/08/2019 10:05:02,1.0,1.0,1.0
29/08/2019 10:07:11,1.0,1.0,1.0
29/08/2019 10:07:34,1.0,1.0,1.0
29/08/2019 10:08:29,1.0,1.0,1.0
29/08/2019 10:10:30,1.0,1.0,1.0
29/08/2019 10:10:50,1.0,1.0,1.0
29/08/2019 10:11:54,1.0,1.0,1.0
29/08/2019 10:12:35,1.0,1.0,1.0
29/08/2019 10:13:14,1.0,1.0,1.0
29/08/2019 10:14:36,1.0,1.0,0.0
29/08/2019 10:14:54,1.0,1.0,0.0
29/08/2019 10:19:42,1.0,1.0,1.0
29/08/2019 10:19:54,1.0,1.0,1.0
29/08/2019 10:20:28,1.0,1.0,1.0
29/08/2019 10:39:35,1.0,1.0,1.0
29/08/2019 10:40:29,1.0,1.0,1.0
29/08/2019 10:41:29,1.0,1.0,1.0
29/08/2019 10:44:13,1.0,1.0,1.0
29/08/2019 10:45:04,1.0,1.0,1.0
29/08/2019 10:48:17,1.0,1.0,0.0
29/08/2019 10:48:56,1.0,1.0,1.0
29/08/2019 10:49:17,1.0,1.0,1.0
29/08/2019 10:56:54,1.0,1.0,1.0
29/08/2019 10:57:28,1.0,1.0,1.0
29/08/2019 11:04:41,1.0,1.0,1.0
29/08/2019 11:05:41,1.0,1.0,1.0
29/08/2019 11:05:56,1.0,1.0,1.0
29/08/2019 11:10:12,1.0,1.0,1.0
29/08/2019 11:11:40,1.0,1.0,1.0
29/08/2019 11:12:19,1.0,1.0,1.0
29/08/2019 11:12:39,1.0,1.0,1.0
29/08/2019 11:14:45,1.0,1.0,1.0
29/08/2019 11:14:54,1.0,1.0,1.0
29/08/2019 11:20:11,1.0,1.0,1.0
29/08/2019 11:22:09,1.0,1.0,1.0
29/08/2019 11:35:57,1.0,1.0,1.0
29/08/2019 11:47:43,1.0,1.0,1.0
29/08/2019 11:48:16,1.0,1.0,1.0
29/08/2019 11:51:01,1.0,1.0,1.0
29/08/2019 11:51:15,1.0,1.0,1.0
29/08/2019 11:52:33,1.0,1.0,1.0
29/08/2019 11:52:43,1.0,1.0,1.0
29/08/2019 11:55:40,1.0,1.0,1.0
29/08/2019 11:58:36,1.0,1.0,1.0
29/08/2019 12:05:39,1.0,1.0,1.0
29/08/2019 12:06:28,1.0,1.0,1.0
29/08/2019 12:11:11,1.0,1.0,1.0
29/08/2019 12:11:30,1.0,1.0,1.0
29/08/2019 12:12:01,1.0,1.0,1.0
29/08/2019 12:12:34,1.0,1.0,1.0
29/08/2019 12:15:00,1.0,1.0,1.0
29/08/2019 12:15:41,1.0,1.0,1.0
29/08/2019 12:20:41,1.0,1.0,1.0
29/08/2019 12:21:08,1.0,1.0,1.0
29/08/2019 12:23:35,1.0,1.0,1.0
29/08/2019 12:24:44,1.0,1.0,1.0
29/08/2019 12:25:27,1.0,1.0,1.0
29/08/2019 12:25:54,1.0,1.0,1.0
29/08/2019 12:28:34,1.0,1.0,1.0
29/08/2019 12:34:19,1.0,1.0,1.0
29/08/2019 12:34:57,1.0,1.0,1.0
29/08/2019 12:40:24,1.0,1.0,1.0
29/08/2019 12:49:37,1.0,1.0,1.0
29/08/2019 12:49:44,1.0,1.0,1.0
29/08/2019 12:50:13,1.0,1.0,1.0
29/08/2019 12:50:35,1.0,1.0,1.0
29/08/2019 12:51:26,1.0,1.0,1.0
29/08/2019 12:51:48,1.0,1.0,1.0
29/08/2019 12:54:50,1.0,1.0,1.0
29/08/2019 12:55:35,1.0,1.0,1.0
29/08/2019 12:56:17,1.0,1.0,1.0
29/08/2019 12:56:55,1.0,1.0,1.0
29/08/2019 12:57:26,1.0,1.0,1.0
29/08/2019 13:02:14,1.0,1.0,1.0
29/08/2019 13:23:13,1.0,1.0,1.0
29/08/2019 13:24:09,1.0,1.0,1.0
29/08/2019 13:38:52,1.0,1.0,1.0
29/08/2019 13:40:35,1.0,1.0,1.0
29/08/2019 13:42:54,1.0,1.0,1.0
29/08/2019 13:44:57,1.0,1.0,1.0
29/08/2019 13:46:21,1.0,1.0,1.0
29/08/2019 13:47:58,1.0,1.0,1.0
29/08/2019 13:50:30,1.0,1.0,1.0
29/08/2019 13:52:19,1.0,1.0,1.0
29/08/2019 13:53:22,1.0,1.0,1.0
29/08/2019 13:54:10,1.0,1.0,1.0
29/08/2019 13:55:14,1.0,1.0,1.0
29/08/2019 13:55:29,1.0,1.0,1.0
29/08/2019 13:58:30,1.0,1.0,1.0
29/08/2019 13:59:23,1.0,1.0,1.0
29/08/2019 14:02:56,1.0,1.0,1.0
29/08/2019 14:03:57,1.0,1.0,1.0
29/08/2019 14:06:47,1.0,1.0,1.0
29/08/2019 14:07:08,1.0,1.0,1.0
29/08/2019 14:10:43,1.0,1.0,1.0
29/08/2019 14:19:04,1.0,1.0,1.0
29/08/2019 14:19:51,1.0,1.0,1.0
29/08/2019 14:20:21,1.0,1.0,1.0
29/08/2019 14:48:51,1.0,1.0,1.0
29/08/2019 14:54:01,1.0,1.0,1.0
29/08/2019 14:59:30,1.0,1.0,1.0
29/08/2019 15:00:20,1.0,1.0,1.0
29/08/2019 15:17:23,1.0,1.0,1.0
29/08/2019 15:18:52,1.0,1.0,1.0
29/08/2019 15:25:37,1.0,1.0,1.0
29/08/2019 15:26:18,1.0,1.0,1.0
29/08/2019 15:26:38,1.0,1.0,1.0
29/08/2019 15:38:50,1.0,1.0,1.0
29/08/2019 15:39:15,1.0,1.0,1.0
29/08/2019 15:39:30,1.0,1.0,1.0
29/08/2019 15:44:58,1.0,1.0,1.0
29/08/2019 15:45:20,1.0,1.0,1.0
29/08/2019 15:45:36,1.0,1.0,1.0
29/08/2019 15:45:46,1.0,1.0,1.0
29/08/2019 15:46:35,1.0,1.0,1.0
29/08/2019 16:17:26,1.0,1.0,1.0
29/08/2019 16:22:54,1.0,1.0,1.0
29/08/2019 16:23:39,1.0,1.0,1.0
29/08/2019 16:25:32,1.0,1.0,1.0
29/08/2019 16:31:50,1.0,1.0,0.0
29/08/2019 16:32:19,1.0,1.0,0.0
29/08/2019 16:32:39,1.0,1.0,0.0
29/08/2019 16:41:13,1.0,1.0,1.0
29/08/2019 16:41:46,1.0,1.0,1.0
29/08/2019 16:42:13,1.0,1.0,1.0
29/08/2019 16:48:26,1.0,1.0,0.0
29/08/2019 16:58:37,1.0,1.0,0.0
29/08/2019 16:59:38,1.0,1.0,0.0
29/08/2019 17:18:40,1.0,1.0,0.0
29/08/2019 17:19:19,1.0,1.0,0.0
29/08/2019 17:19:52,1.0,1.0,0.0
29/08/2019 17:31:08,1.0,1.0,0.0
29/08/2019 17:31:42,1.0,1.0,1.0
29/08/2019 17:42:11,1.0,1.0,1.0
29/08/2019 17:42:34,1.0,1.0,1.0
29/08/2019 17:44:10,1.0,1.0,1.0
29/08/2019 17:45:13,1.0,1.0,1.0
29/08/2019 17:45:28,1.0,1.0,1.0
29/08/2019 17:46:22,1.0,1.0,1.0
29/08/2019 17:46:41,1.0,1.0,1.0
29/08/2019 17:47:29,1.0,1.0,1.0
29/08/2019 17:49:59,1.0,1.0,1.0
29/08/2019 17:51:35,1.0,1.0,1.0
29/08/2019 17:51:50,1.0,1.0,1.0
29/08/2019 17:52:23,1.0,1.0,1.0
29/08/2019 17:52:39,1.0,1.0,1.0
29/08/2019 17:53:43,1.0,1.0,1.0
29/08/2019 17:58:01,1.0,1.0,1.0
29/08/2019 18:08:42,1.0,1.0,1.0
29/08/2019 18:09:01,1.0,1.0,1.0
29/08/2019 18:26:24,1.0,1.0,1.0
29/08/2019 18:27:45,1.0,1.0,1.0
29/08/2019 18:28:06,1.0,1.0,1.0
29/08/2019 18:28:19,1.0,1.0,1.0
29/08/2019 18:28:29,1.0,1.0,1.0
29/08/2019 18:29:46,1.0,1.0,1.0
29/08/2019 18:30:01,1.0,1.0,1.0
29/08/2019 18:30:09,1.0,1.0,1.0
29/08/2019 18:32:47,1.0,1.0,1.0
29/08/2019 18:33:56,1.0,1.0,1.0
29/08/2019 18:35:13,1.0,1.0,1.0
29/08/2019 18:35:19,1.0,1.0,1.0
29/08/2019 18:35:40,1.0,1.0,1.0
29/08/2019 18:41:23,1.0,1.0,1.0
29/08/2019 18:42:30,1.0,1.0,0.0
30/08/2019 11:06:09,1.0,1.0,1.0
30/08/2019 11:08:12,1.0,1.0,1.0
30/08/2019 11:11:05,1.0,1.0,1.0
30/08/2019 11:13:45,1.0,1.0,1.0
30/08/2019 11:14:26,1.0,1.0,1.0
30/08/2019 11:31:06,1.0,1.0,1.0
30/08/2019 11:31:55,1.0,1.0,1.0
30/08/2019 11:32:04,1.0,1.0,1.0
30/08/2019 11:32:14,1.0,1.0,1.0
30/08/2019 11:32:57,1.0,1.0,1.0
30/08/2019 12:26:34,1.0,1.0,1.0
30/08/2019 13:16:21,1.0,1.0,1.0
30/08/2019 13:16:39,1.0,1.0,1.0
30/08/2019 13:17:28,1.0,1.0,1.0
30/08/2019 13:19:55,1.0,1.0,1.0
30/08/2019 13:27:13,1.0,1.0,1.0
30/08/2019 13:27:37,1.0,1.0,1.0
30/08/2019 13:27:45,1.0,1.0,1.0
30/08/2019 13:54:29,1.0,1.0,1.0
30/08/2019 13:54:49,1.0,1.0,1.0
30/08/2019 13:54:56,1.0,1.0,1.0
30/08/2019 13:55:06,1.0,1.0,1.0
30/08/2019 13:55:47,1.0,1.0,1.0
30/08/2019 14:15:02,1.0,1.0,1.0
30/08/2019 14:15:36,1.0,1.0,1.0
30/08/2019 14:15:47,1.0,1.0,1.0
30/08/2019 14:16:16,1.0,1.0,1.0
30/08/2019 14:16:47,1.0,1.0,1.0
30/08/2019 14:17:16,1.0,1.0,1.0
30/08/2019 14:17:56,1.0,1.0,1.0
30/08/2019 14:18:36,1.0,1.0,1.0
30/08/2019 14:19:16,1.0,1.0,1.0
30/08/2019 14:19:46,1.0,1.0,1.0
30/08/2019 14:20:08,1.0,1.0,1.0
30/08/2019 14:21:04,1.0,1.0,1.0
30/08/2019 14:21:16,1.0,1.0,1.0
30/08/2019 14:21:46,1.0,1.0,1.0
30/08/2019 14:22:12,1.0,1.0,1.0
30/08/2019 14:22:37,1.0,1.0,1.0
30/08/2019 14:23:16,1.0,1.0,1.0
30/08/2019 14:23:56,1.0,1.0,1.0
30/08/2019 14:24:28,1.0,1.0,1.0
30/08/2019 14:24:59,1.0,1.0,1.0
30/08/2019 14:25:16,1.0,1.0,1.0
30/08/2019 14:25:47,1.0,1.0,1.0
30/08/2019 14:26:42,1.0,1.0,1.0
30/08/2019 14:26:59,1.0,1.0,1.0
30/08/2019 14:27:27,1.0,1.0,1.0
30/08/2019 14:28:16,1.0,1.0,1.0
30/08/2019 14:28:46,1.0,1.0,1.0
30/08/2019 14:29:16,1.0,1.0,1.0
30/08/2019 14:29:36,1.0,1.0,1.0
30/08/2019 14:29:46,1.0,1.0,1.0
30/08/2019 14:30:30,1.0,1.0,1.0
30/08/2019 14:38:32,1.0,1.0,1.0
30/08/2019 14:46:52,1.0,1.0,1.0
30/08/2019 16:05:20,1.0,1.0,0.0
30/08/2019 16:05:38,1.0,1.0,0.0
30/08/2019 16:06:13,1.0,1.0,0.0
30/08/2019 16:06:49,1.0,1.0,0.0
30/08/2019 16:07:29,1.0,1.0,0.0
30/08/2019 16:08:01,1.0,1.0,0.0
30/08/2019 16:08:30,1.0,1.0,0.0
30/08/2019 16:08:47,1.0,1.0,0.0
30/08/2019 16:08:57,1.0,1.0,0.0
30/08/2019 16:09:37,1.0,1.0,0.0
30/08/2019 16:11:37,1.0,1.0,1.0
30/08/2019 16:11:50,1.0,1.0,1.0
30/08/2019 16:16:11,1.0,1.0,1.0
30/08/2019 16:16:28,1.0,1.0,1.0
30/08/2019 16:16:57,1.0,1.0,1.0
30/08/2019 16:33:33,1.0,1.0,1.0
30/08/2019 16:36:25,1.0,1.0,1.0
30/08/2019 16:38:52,1.0,1.0,1.0
30/08/2019 16:39:36,1.0,1.0,1.0
30/08/2019 16:39:53,1.0,1.0,1.0
30/08/2019 16:41:38,1.0,1.0,1.0
30/08/2019 16:41:48,1.0,1.0,1.0
30/08/2019 16:43:10,1.0,1.0,1.0
30/08/2019 16:43:38,1.0,1.0,1.0
31/08/2019 10:31:45,1.0,1.0,1.0
31/08/2019 10:31:53,1.0,1.0,1.0
31/08/2019 10:33:40,1.0,1.0,1.0
31/08/2019 10:33:54,1.0,1.0,1.0
31/08/2019 10:34:27,1.0,1.0,1.0
31/08/2019 10:34:44,1.0,1.0,1.0
31/08/2019 10:42:38,1.0,1.0,1.0
31/08/2019 10:42:54,1.0,1.0,1.0
31/08/2019 10:43:42,1.0,1.0,1.0
31/08/2019 11:41:06,1.0,1.0,1.0
31/08/2019 11:41:58,1.0,1.0,1.0
31/08/2019 12:07:14,1.0,1.0,1.0
31/08/2019 12:07:44,1.0,1.0,1.0
31/08/2019 12:08:21,1.0,1.0,1.0
31/08/2019 12:08:57,1.0,1.0,1.0
01/09/2019 12:05:38,1.0,1.0,0.0
01/09/2019 12:06:14,1.0,1.0,0.0
01/09/2019 12:08:15,1.0,1.0,1.0
01/09/2019 12:08:39,1.0,1.0,1.0
01/09/2019 12:09:25,1.0,1.0,1.0
01/09/2019 12:33:48,1.0,1.0,1.0
01/09/2019 12:33:57,1.0,1.0,1.0
01/09/2019 12:36:33,1.0,1.0,1.0
01/09/2019 12:37:11,1.0,1.0,1.0
01/09/2019 12:37:37,1.0,1.0,1.0
01/09/2019 12:40:20,1.0,1.0,1.0
01/09/2019 12:54:29,1.0,1.0,1.0
01/09/2019 13:06:12,1.0,1.0,1.0
01/09/2019 13:37:55,1.0,1.0,1.0
01/09/2019 13:38:07,1.0,1.0,1.0
01/09/2019 13:38:17,1.0,1.0,1.0
01/09/2019 13:42:36,1.0,1.0,1.0
01/09/2019 13:43:07,1.0,1.0,1.0
01/09/2019 13:43:32,1.0,1.0,1.0
01/09/2019 13:47:39,1.0,1.0,1.0
01/09/2019 13:48:09,1.0,1.0,1.0
01/09/2019 13:55:21,1.0,1.0,1.0
01/09/2019 14:01:10,1.0,1.0,1.0
01/09/2019 14:27:31,1.0,1.0,1.0
01/09/2019 14:29:39,1.0,1.0,1.0
01/09/2019 14:30:42,1.0,1.0,1.0
01/09/2019 14:36:20,1.0,1.0,1.0
01/09/2019 14:41:09,1.0,1.0,1.0
01/09/2019 14:48:36,1.0,1.0,1.0
01/09/2019 14:56:14,1.0,1.0,1.0
01/09/2019 15:13:13,1.0,1.0,1.0
01/09/2019 15:25:27,1.0,1.0,1.0
01/09/2019 15:27:13,1.0,1.0,1.0
01/09/2019 15:27:29,1.0,1.0,1.0
01/09/2019 15:27:49,1.0,1.0,1.0
01/09/2019 15:37:37,1.0,0.0,1.0
01/09/2019 15:39:54,1.0,0.0,1.0
01/09/2019 15:40:07,1.0,0.0,1.0
01/09/2019 15:40:51,1.0,0.0,1.0
01/09/2019 15:40:57,1.0,0.0,1.0
01/09/2019 15:41:17,1.0,0.0,1.0
01/09/2019 15:41:37,1.0,0.0,1.0
01/09/2019 15:43:01,1.0,0.0,1.0
01/09/2019 15:48:26,1.0,0.0,1.0
01/09/2019 15:52:39,1.0,0.0,1.0
01/09/2019 15:54:43,1.0,0.0,1.0
01/09/2019 15:56:21,1.0,0.0,1.0
01/09/2019 15:57:02,1.0,0.0,1.0
01/09/2019 16:06:34,1.0,0.0,0.0
01/09/2019 16:06:54,1.0,0.0,0.0
01/09/2019 16:07:18,1.0,0.0,0.0
01/09/2019 16:08:23,1.0,0.0,0.0
01/09/2019 16:08:57,1.0,0.0,1.0
01/09/2019 16:09:16,1.0,0.0,1.0
01/09/2019 16:09:45,1.0,1.0,1.0
01/09/2019 16:10:49,1.0,1.0,1.0
01/09/2019 16:10:56,1.0,1.0,1.0
01/09/2019 16:11:54,1.0,1.0,1.0
01/09/2019 16:12:34,1.0,1.0,1.0
01/09/2019 16:15:25,1.0,1.0,1.0
01/09/2019 16:16:50,1.0,1.0,1.0
01/09/2019 16:17:10,1.0,1.0,1.0
01/09/2019 16:18:09,1.0,1.0,1.0
01/09/2019 16:18:41,1.0,1.0,1.0
01/09/2019 16:19:34,1.0,1.0,1.0
01/09/2019 16:20:05,1.0,1.0,1.0
01/09/2019 16:20:20,1.0,1.0,1.0
01/09/2019 16:21:59,1.0,1.0,1.0
01/09/2019 16:22:25,1.0,1.0,1.0
01/09/2019 16:22:52,1.0,1.0,1.0
01/09/2019 16:23:48,1.0,1.0,1.0
01/09/2019 16:24:31,1.0,1.0,1.0
01/09/2019 16:28:08,1.0,1.0,1.0
01/09/2019 16:32:19,1.0,1.0,1.0
01/09/2019 16:53:17,1.0,1.0,1.0
01/09/2019 16:53:43,1.0,1.0,1.0
01/09/2019 16:54:12,1.0,1.0,0.0
01/09/2019 16:54:52,1.0,1.0,0.0
01/09/2019 16:56:19,1.0,1.0,0.0
01/09/2019 16:56:52,1.0,1.0,0.0
01/09/2019 16:57:55,1.0,1.0,1.0
01/09/2019 16:59:03,1.0,1.0,1.0
01/09/2019 16:59:37,1.0,1.0,1.0
01/09/2019 17:01:17,1.0,1.0,1.0
01/09/2019 17:02:17,1.0,1.0,1.0
01/09/2019 17:02:46,1.0,1.0,1.0
01/09/2019 17:04:22,1.0,1.0,1.0
01/09/2019 17:04:51,1.0,1.0,1.0
01/09/2019 17:06:04,1.0,1.0,1.0
01/09/2019 17:09:25,1.0,1.0,1.0
01/09/2019 17:11:11,1.0,1.0,1.0
01/09/2019 17:11:43,1.0,1.0,1.0
01/09/2019 17:15:27,1.0,1.0,1.0
01/09/2019 17:16:52,1.0,1.0,1.0
01/09/2019 17:17:24,1.0,1.0,1.0
01/09/2019 17:22:00,1.0,1.0,1.0
01/09/2019 17:24:09,1.0,1.0,1.0
01/09/2019 17:42:49,1.0,1.0,1.0
01/09/2019 17:45:13,1.0,1.0,1.0
01/09/2019 17:45:21,1.0,1.0,1.0
01/09/2019 17:46:18,1.0,1.0,1.0
01/09/2019 17:49:27,1.0,1.0,1.0
01/09/2019 17:51:25,1.0,1.0,1.0
01/09/2019 17:52:17,1.0,1.0,1.0
01/09/2019 17:53:30,1.0,1.0,1.0
01/09/2019 17:53:53,1.0,1.0,1.0
01/09/2019 17:55:36,1.0,1.0,1.0
01/09/2019 18:01:16,1.0,1.0,1.0
01/09/2019 18:03:54,1.0,1.0,1.0
01/09/2019 18:08:36,1.0,1.0,1.0
01/09/2019 18:11:07,1.0,1.0,1.0
01/09/2019 18:11:15,1.0,1.0,1.0
01/09/2019 18:12:19,1.0,1.0,1.0
01/09/2019 18:16:53,1.0,1.0,1.0
01/09/2019 18:18:11,1.0,1.0,1.0
01/09/2019 18:18:25,1.0,1.0,1.0
01/09/2019 18:18:45,1.0,1.0,1.0
01/09/2019 18:19:05,1.0,1.0,1.0
01/09/2019 18:19:15,1.0,1.0,1.0
01/09/2019 18:19:35,1.0,1.0,1.0
01/09/2019 18:20:14,1.0,1.0,1.0
01/09/2019 18:20:45,1.0,1.0,1.0
01/09/2019 18:21:44,1.0,1.0,1.0
01/09/2019 18:22:17,1.0,1.0,1.0
01/09/2019 18:23:27,1.0,1.0,1.0
01/09/2019 18:24:40,1.0,1.0,1.0
01/09/2019 18:25:24,1.0,1.0,1.0
01/09/2019 18:25:35,1.0,1.0,1.0
01/09/2019 18:29:59,1.0,1.0,1.0
01/09/2019 18:30:44,1.0,1.0,1.0
01/09/2019 18:40:52,1.0,1.0,1.0
01/09/2019 18:51:07,1.0,1.0,1.0
01/09/2019 18:57:31,1.0,1.0,1.0
01/09/2019 19:05:21,1.0,1.0,1.0
01/09/2019 19:08:15,1.0,1.0,1.0
01/09/2019 19:08:45,1.0,1.0,1.0
01/09/2019 19:08:52,1.0,1.0,1.0
01/09/2019 19:09:15,1.0,1.0,1.0
01/09/2019 19:09:37,1.0,1.0,1.0
01/09/2019 19:09:52,1.0,1.0,1.0
01/09/2019 19:10:37,1.0,1.0,1.0
01/09/2019 19:10:52,1.0,1.0,1.0
01/09/2019 19:11:16,1.0,1.0,1.0
01/09/2019 19:12:24,1.0,1.0,1.0
01/09/2019 19:12:45,1.0,1.0,1.0
01/09/2019 19:13:08,1.0,1.0,1.0
01/09/2019 19:15:18,1.0,1.0,1.0
01/09/2019 19:20:00,1.0,1.0,1.0
01/09/2019 19:21:04,1.0,1.0,1.0
01/09/2019 19:22:23,1.0,1.0,1.0
01/09/2019 19:22:51,1.0,1.0,1.0
01/09/2019 19:23:40,1.0,1.0,1.0
01/09/2019 19:24:58,1.0,1.0,1.0
01/09/2019 19:30:13,1.0,1.0,1.0
01/09/2019 19:31:16,1.0,1.0,1.0
01/09/2019 19:39:14,1.0,1.0,1.0
01/09/2019 19:42:49,1.0,1.0,1.0
01/09/2019 19:44:09,1.0,1.0,1.0
01/09/2019 19:45:08,1.0,1.0,1.0
01/09/2019 19:45:24,1.0,1.0,1.0
01/09/2019 19:46:05,1.0,1.0,1.0
01/09/2019 19:49:57,1.0,1.0,1.0
01/09/2019 19:51:21,1.0,1.0,1.0
01/09/2019 20:01:13,1.0,1.0,1.0
01/09/2019 20:01:45,1.0,1.0,1.0
01/09/2019 20:06:21,1.0,1.0,1.0
01/09/2019 20:07:32,1.0,1.0,1.0
01/09/2019 20:09:27,1.0,1.0,1.0
01/09/2019 20:09:37,1.0,1.0,1.0
01/09/2019 20:10:23,1.0,1.0,1.0
01/09/2019 20:10:42,1.0,1.0,1.0
01/09/2019 20:11:10,1.0,1.0,1.0
01/09/2019 20:11:17,1.0,1.0,1.0
01/09/2019 20:23:16,1.0,1.0,1.0
01/09/2019 20:23:47,1.0,1.0,1.0
01/09/2019 20:24:39,1.0,1.0,1.0
01/09/2019 20:31:27,1.0,1.0,1.0
01/09/2019 20:31:46,1.0,1.0,1.0
01/09/2019 20:38:20,1.0,1.0,1.0
01/09/2019 20:41:00,1.0,1.0,1.0
01/09/2019 20:41:29,1.0,1.0,1.0
01/09/2019 20:41:50,1.0,1.0,1.0
01/09/2019 20:44:36,1.0,1.0,1.0
01/09/2019 20:45:24,1.0,1.0,1.0
01/09/2019 20:45:54,1.0,1.0,1.0
01/09/2019 20:47:14,1.0,1.0,1.0
01/09/2019 20:47:31,1.0,1.0,1.0
01/09/2019 20:48:22,1.0,1.0,1.0
01/09/2019 20:48:28,1.0,1.0,1.0
01/09/2019 20:49:03,1.0,1.0,1.0
01/09/2019 20:49:24,1.0,1.0,1.0
01/09/2019 20:49:58,1.0,1.0,1.0
01/09/2019 20:50:19,1.0,1.0,1.0
01/09/2019 20:50:38,1.0,1.0,1.0
01/09/2019 20:51:08,1.0,1.0,1.0
01/09/2019 20:51:38,1.0,1.0,1.0
01/09/2019 20:51:48,1.0,1.0,1.0
01/09/2019 20:52:41,1.0,1.0,1.0
01/09/2019 20:53:17,1.0,1.0,1.0
01/09/2019 20:53:48,1.0,1.0,1.0
01/09/2019 20:55:28,1.0,1.0,1.0
01/09/2019 20:55:49,1.0,1.0,1.0
01/09/2019 20:56:20,1.0,1.0,1.0
01/09/2019 20:56:28,1.0,1.0,1.0
01/09/2019 20:56:48,1.0,1.0,1.0
01/09/2019 20:57:09,1.0,1.0,1.0
01/09/2019 20:59:00,1.0,1.0,1.0
01/09/2019 20:59:28,1.0,1.0,1.0
01/09/2019 21:00:19,1.0,1.0,1.0
01/09/2019 21:00:43,1.0,1.0,1.0
01/09/2019 21:00:58,1.0,1.0,1.0
01/09/2019 21:01:18,1.0,1.0,1.0
01/09/2019 21:01:58,1.0,1.0,1.0
01/09/2019 21:04:16,1.0,1.0,1.0
01/09/2019 21:04:38,1.0,1.0,1.0
01/09/2019 21:05:58,1.0,1.0,1.0
01/09/2019 21:06:10,1.0,1.0,1.0
01/09/2019 21:07:25,1.0,1.0,1.0
01/09/2019 21:09:06,1.0,1.0,1.0
01/09/2019 21:09:28,1.0,1.0,1.0
01/09/2019 21:09:39,1.0,1.0,1.0
01/09/2019 21:10:10,1.0,1.0,1.0
01/09/2019 21:10:33,1.0,1.0,1.0
01/09/2019 21:10:39,1.0,1.0,1.0
01/09/2019 21:11:00,1.0,1.0,1.0
01/09/2019 21:11:39,1.0,1.0,1.0
01/09/2019 21:11:58,1.0,1.0,1.0
01/09/2019 21:13:24,1.0,1.0,1.0
01/09/2019 21:13:39,1.0,1.0,1.0
01/09/2019 21:17:36,1.0,1.0,1.0
01/09/2019 21:17:58,1.0,1.0,1.0
01/09/2019 21:18:18,1.0,1.0,1.0
01/09/2019 21:18:45,1.0,1.0,1.0
01/09/2019 21:18:58,1.0,1.0,1.0
01/09/2019 21:19:33,1.0,1.0,1.0
01/09/2019 21:20:01,1.0,1.0,1.0
01/09/2019 21:21:14,1.0,1.0,1.0
01/09/2019 21:21:30,1.0,1.0,1.0
01/09/2019 21:21:48,1.0,1.0,1.0
01/09/2019 21:23:27,1.0,1.0,1.0
01/09/2019 21:23:41,1.0,1.0,1.0
01/09/2019 21:24:01,1.0,1.0,1.0
01/09/2019 21:24:18,1.0,1.0,1.0
01/09/2019 21:24:52,1.0,1.0,1.0
01/09/2019 21:25:49,1.0,1.0,1.0
01/09/2019 21:26:34,1.0,1.0,1.0
01/09/2019 21:26:48,1.0,1.0,1.0
01/09/2019 21:27:18,1.0,1.0,1.0
01/09/2019 21:27:54,1.0,1.0,1.0
01/09/2019 21:28:10,1.0,1.0,1.0
01/09/2019 21:28:18,1.0,1.0,1.0
01/09/2019 21:28:28,1.0,1.0,1.0
01/09/2019 21:28:48,1.0,1.0,1.0
01/09/2019 21:29:08,1.0,1.0,1.0
01/09/2019 21:29:19,1.0,1.0,1.0
01/09/2019 21:29:49,1.0,1.0,1.0
01/09/2019 21:30:29,1.0,1.0,1.0
01/09/2019 21:31:18,1.0,1.0,1.0
01/09/2019 21:31:52,1.0,1.0,1.0
01/09/2019 21:31:58,1.0,1.0,1.0
01/09/2019 21:32:08,1.0,1.0,1.0
01/09/2019 21:32:28,1.0,1.0,1.0
01/09/2019 21:32:48,1.0,1.0,1.0
01/09/2019 21:33:35,1.0,1.0,1.0
01/09/2019 21:33:52,1.0,1.0,1.0
01/09/2019 21:34:39,1.0,1.0,1.0
01/09/2019 21:34:49,1.0,1.0,1.0
01/09/2019 21:35:19,1.0,1.0,1.0
01/09/2019 21:35:49,1.0,1.0,1.0
01/09/2019 21:36:08,1.0,1.0,1.0
01/09/2019 21:36:18,1.0,1.0,1.0
01/09/2019 21:36:59,1.0,1.0,1.0
01/09/2019 21:37:08,1.0,1.0,1.0
01/09/2019 21:37:33,1.0,1.0,1.0
01/09/2019 21:37:53,1.0,1.0,1.0
01/09/2019 21:38:19,1.0,1.0,1.0
01/09/2019 21:38:39,1.0,1.0,1.0
01/09/2019 21:39:23,1.0,1.0,1.0
01/09/2019 21:39:44,1.0,1.0,1.0
01/09/2019 21:42:06,1.0,1.0,1.0
01/09/2019 21:42:28,1.0,1.0,1.0
01/09/2019 21:44:26,1.0,1.0,1.0
01/09/2019 21:45:06,1.0,1.0,1.0
01/09/2019 21:45:29,1.0,1.0,1.0
01/09/2019 21:46:17,1.0,1.0,1.0
01/09/2019 21:46:28,1.0,1.0,1.0
01/09/2019 21:46:48,1.0,1.0,1.0
01/09/2019 21:48:52,1.0,1.0,1.0
01/09/2019 21:49:23,1.0,1.0,1.0
01/09/2019 21:49:40,1.0,1.0,1.0
01/09/2019 21:50:05,1.0,1.0,1.0
01/09/2019 21:54:17,1.0,1.0,1.0
01/09/2019 22:11:47,1.0,1.0,1.0
01/09/2019 22:27:11,1.0,1.0,1.0
01/09/2019 22:28:03,1.0,1.0,1.0
01/09/2019 22:30:11,1.0,1.0,1.0
01/09/2019 22:32:16,1.0,1.0,1.0
01/09/2019 22:36:06,1.0,1.0,1.0
01/09/2019 22:36:34,1.0,1.0,1.0
01/09/2019 22:38:12,1.0,1.0,1.0
01/09/2019 22:39:31,1.0,1.0,1.0
01/09/2019 22:41:02,1.0,1.0,1.0
01/09/2019 22:45:13,1.0,1.0,1.0
01/09/2019 22:46:26,1.0,1.0,1.0
01/09/2019 22:49:15,1.0,1.0,1.0
01/09/2019 22:51:34,1.0,1.0,1.0
01/09/2019 22:52:31,1.0,1.0,1.0
01/09/2019 22:52:53,1.0,1.0,1.0
01/09/2019 23:02:48,1.0,1.0,1.0
01/09/2019 23:02:55,1.0,1.0,1.0
01/09/2019 23:03:20,1.0,1.0,1.0
01/09/2019 23:03:45,1.0,1.0,1.0
01/09/2019 23:05:40,1.0,1.0,1.0
01/09/2019 23:07:47,1.0,1.0,1.0
01/09/2019 23:08:29,1.0,1.0,1.0
01/09/2019 23:09:20,1.0,1.0,1.0
01/09/2019 23:09:41,1.0,1.0,1.0
01/09/2019 23:11:39,1.0,1.0,1.0
01/09/2019 23:12:23,1.0,1.0,1.0
01/09/2019 23:25:43,1.0,1.0,1.0
01/09/2019 23:27:54,1.0,1.0,1.0
01/09/2019 23:30:11,1.0,1.0,1.0
01/09/2019 23:32:46,1.0,1.0,1.0
01/09/2019 23:32:53,1.0,1.0,1.0
01/09/2019 23:34:44,1.0,1.0,1.0
01/09/2019 23:36:58,1.0,1.0,1.0
01/09/2019 23:37:28,1.0,1.0,1.0
01/09/2019 23:37:44,1.0,1.0,1.0
01/09/2019 23:38:07,1.0,1.0,1.0
01/09/2019 23:38:35,1.0,1.0,1.0
01/09/2019 23:39:45,1.0,1.0,1.0
01/09/2019 23:46:05,1.0,1.0,1.0
01/09/2019 23:46:25,1.0,1.0,1.0
01/09/2019 23:46:55,1.0,1.0,1.0
01/09/2019 23:56:12,1.0,1.0,1.0
01/09/2019 23:58:10,1.0,1.0,1.0
02/09/2019 00:00:48,1.0,1.0,1.0
02/09/2019 00:00:56,1.0,1.0,1.0
02/09/2019 00:01:43,1.0,1.0,1.0
02/09/2019 00:04:23,1.0,1.0,1.0
02/09/2019 00:05:23,1.0,1.0,1.0
02/09/2019 00:06:17,1.0,1.0,1.0
02/09/2019 00:06:46,1.0,1.0,1.0
02/09/2019 00:06:52,1.0,1.0,1.0
02/09/2019 00:07:12,1.0,1.0,1.0
02/09/2019 00:07:42,1.0,1.0,1.0
02/09/2019 00:08:12,1.0,1.0,1.0
02/09/2019 00:09:29,1.0,1.0,1.0
02/09/2019 00:10:14,1.0,1.0,1.0
02/09/2019 00:10:42,1.0,1.0,1.0
02/09/2019 00:11:54,1.0,1.0,1.0
02/09/2019 00:12:22,1.0,1.0,1.0
02/09/2019 00:12:35,1.0,1.0,1.0
02/09/2019 00:12:43,1.0,1.0,1.0
02/09/2019 00:16:30,1.0,1.0,0.0
02/09/2019 00:16:54,1.0,1.0,0.0
02/09/2019 00:17:56,1.0,1.0,0.0
02/09/2019 00:18:13,1.0,1.0,0.0
02/09/2019 00:18:32,1.0,1.0,0.0
02/09/2019 00:19:02,1.0,1.0,0.0
02/09/2019 00:22:12,1.0,1.0,0.0
02/09/2019 00:22:50,1.0,1.0,0.0
02/09/2019 00:23:25,1.0,1.0,0.0
02/09/2019 00:25:38,1.0,1.0,0.0
02/09/2019 00:27:44,1.0,1.0,0.0
02/09/2019 00:27:59,1.0,1.0,0.0
02/09/2019 00:33:32,1.0,1.0,1.0
02/09/2019 00:37:39,1.0,1.0,1.0
02/09/2019 00:37:49,1.0,1.0,1.0
02/09/2019 00:53:25,1.0,1.0,1.0
02/09/2019 01:05:11,1.0,1.0,1.0
02/09/2019 01:19:17,1.0,1.0,1.0
02/09/2019 01:28:52,1.0,1.0,1.0
02/09/2019 01:36:09,1.0,1.0,1.0
02/09/2019 01:39:58,1.0,1.0,1.0
02/09/2019 01:42:26,1.0,1.0,1.0
02/09/2019 01:50:42,1.0,1.0,1.0
02/09/2019 01:50:50,1.0,1.0,1.0
02/09/2019 01:57:07,1.0,1.0,1.0
02/09/2019 02:13:09,1.0,1.0,1.0
02/09/2019 02:13:37,1.0,1.0,1.0
02/09/2019 02:16:24,1.0,1.0,1.0
02/09/2019 02:16:48,1.0,1.0,1.0
02/09/2019 02:17:13,1.0,1.0,1.0
02/09/2019 02:20:13,1.0,1.0,1.0
02/09/2019 02:22:05,1.0,1.0,1.0
02/09/2019 02:23:26,1.0,1.0,1.0
02/09/2019 02:28:55,1.0,1.0,1.0
02/09/2019 02:29:04,1.0,1.0,1.0
02/09/2019 02:29:59,1.0,1.0,1.0
02/09/2019 02:30:16,1.0,1.0,1.0
02/09/2019 02:30:39,1.0,1.0,1.0
02/09/2019 02:32:00,1.0,1.0,1.0
02/09/2019 02:32:33,1.0,1.0,1.0
02/09/2019 02:34:45,1.0,1.0,1.0
02/09/2019 02:35:46,1.0,1.0,1.0
02/09/2019 02:37:57,1.0,1.0,1.0
02/09/2019 02:40:24,1.0,1.0,1.0
02/09/2019 02:42:20,1.0,1.0,1.0
02/09/2019 02:42:52,1.0,1.0,1.0
02/09/2019 02:45:32,1.0,1.0,1.0
02/09/2019 02:47:22,1.0,1.0,1.0
02/09/2019 02:47:46,1.0,1.0,1.0
02/09/2019 02:52:06,1.0,1.0,1.0
02/09/2019 02:55:31,1.0,1.0,1.0
02/09/2019 03:03:01,1.0,1.0,1.0
02/09/2019 03:09:59,1.0,1.0,1.0
02/09/2019 03:13:24,1.0,1.0,1.0
02/09/2019 03:15:05,1.0,1.0,1.0
02/09/2019 03:16:19,1.0,1.0,1.0
02/09/2019 03:18:33,1.0,1.0,1.0
02/09/2019 03:24:12,1.0,1.0,1.0
02/09/2019 03:28:44,1.0,1.0,1.0
02/09/2019 03:35:51,1.0,1.0,1.0
02/09/2019 03:38:47,1.0,1.0,1.0
02/09/2019 03:39:24,1.0,1.0,1.0
02/09/2019 03:39:33,1.0,1.0,1.0
02/09/2019 03:40:47,1.0,1.0,1.0
02/09/2019 03:41:26,1.0,1.0,1.0
02/09/2019 03:41:58,1.0,1.0,1.0
02/09/2019 03:42:31,1.0,1.0,1.0
02/09/2019 03:42:52,1.0,1.0,1.0
02/09/2019 03:47:11,1.0,1.0,1.0
02/09/2019 03:47:24,1.0,1.0,1.0
02/09/2019 10:07:53,1.0,1.0,1.0
02/09/2019 10:10:02,1.0,1.0,1.0
02/09/2019 10:37:14,1.0,1.0,1.0
02/09/2019 10:37:35,1.0,1.0,1.0
02/09/2019 10:38:26,1.0,1.0,1.0
02/09/2019 10:38:49,1.0,1.0,1.0
02/09/2019 10:43:59,1.0,1.0,1.0
02/09/2019 10:44:07,1.0,1.0,1.0
02/09/2019 10:44:47,1.0,1.0,1.0
02/09/2019 10:45:07,1.0,1.0,1.0
02/09/2019 10:45:27,1.0,1.0,1.0
02/09/2019 10:45:59,1.0,1.0,1.0
02/09/2019 10:46:07,1.0,1.0,1.0
02/09/2019 10:46:46,1.0,1.0,1.0
02/09/2019 10:47:33,1.0,1.0,1.0
02/09/2019 10:47:49,1.0,1.0,1.0
02/09/2019 10:48:40,1.0,1.0,1.0
02/09/2019 10:49:05,1.0,1.0,1.0
02/09/2019 10:49:30,1.0,1.0,1.0
02/09/2019 10:49:36,1.0,1.0,1.0
02/09/2019 10:49:56,1.0,1.0,1.0
02/09/2019 10:50:06,1.0,1.0,1.0
02/09/2019 10:50:26,1.0,1.0,1.0
02/09/2019 10:50:36,1.0,1.0,1.0
02/09/2019 10:51:37,1.0,1.0,1.0
02/09/2019 10:54:29,1.0,1.0,1.0
02/09/2019 10:54:51,1.0,1.0,1.0
02/09/2019 10:57:59,1.0,1.0,1.0
02/09/2019 10:58:56,1.0,1.0,1.0
02/09/2019 10:59:16,1.0,1.0,1.0
02/09/2019 10:59:59,1.0,1.0,1.0
02/09/2019 11:00:18,1.0,1.0,1.0
02/09/2019 11:00:26,1.0,1.0,1.0
02/09/2019 11:01:46,1.0,1.0,1.0
02/09/2019 11:02:17,1.0,1.0,1.0
02/09/2019 11:02:27,1.0,1.0,1.0
02/09/2019 11:03:38,1.0,1.0,1.0
02/09/2019 11:04:09,1.0,1.0,1.0
02/09/2019 11:04:54,1.0,1.0,1.0
02/09/2019 11:05:21,1.0,1.0,1.0
02/09/2019 11:06:20,1.0,1.0,1.0
02/09/2019 11:28:11,1.0,1.0,1.0
02/09/2019 11:28:29,1.0,1.0,1.0
02/09/2019 11:32:15,1.0,1.0,1.0
02/09/2019 11:41:15,1.0,1.0,1.0
02/09/2019 11:43:13,1.0,1.0,1.0
02/09/2019 11:45:17,1.0,1.0,1.0
02/09/2019 11:46:46,1.0,1.0,1.0
02/09/2019 11:50:22,1.0,1.0,1.0
02/09/2019 11:50:59,1.0,1.0,1.0
02/09/2019 11:51:58,1.0,1.0,1.0
02/09/2019 11:52:50,1.0,1.0,1.0
02/09/2019 11:58:06,1.0,1.0,1.0
02/09/2019 11:58:57,1.0,1.0,1.0
02/09/2019 11:59:57,1.0,1.0,1.0
02/09/2019 12:01:27,1.0,1.0,1.0
02/09/2019 12:02:30,1.0,1.0,1.0
02/09/2019 12:03:23,1.0,1.0,1.0
02/09/2019 12:04:40,1.0,1.0,1.0
02/09/2019 12:04:49,1.0,1.0,1.0
02/09/2019 12:05:24,1.0,1.0,1.0
02/09/2019 12:06:09,1.0,1.0,1.0
02/09/2019 12:06:29,1.0,1.0,1.0
02/09/2019 12:21:35,1.0,1.0,1.0
02/09/2019 12:29:16,1.0,1.0,1.0
02/09/2019 12:29:59,1.0,1.0,1.0
02/09/2019 12:31:19,1.0,1.0,1.0
02/09/2019 12:31:27,1.0,1.0,1.0
02/09/2019 12:32:07,1.0,1.0,1.0
02/09/2019 12:32:37,1.0,1.0,1.0
02/09/2019 12:33:22,1.0,1.0,1.0
02/09/2019 12:33:37,1.0,1.0,1.0
02/09/2019 12:34:15,1.0,1.0,1.0
02/09/2019 12:34:59,1.0,1.0,1.0
02/09/2019 12:35:27,1.0,1.0,1.0
02/09/2019 12:36:10,1.0,1.0,1.0
02/09/2019 12:36:40,1.0,1.0,1.0
02/09/2019 12:36:47,1.0,1.0,1.0
02/09/2019 12:39:14,1.0,1.0,1.0
02/09/2019 12:41:09,1.0,1.0,1.0
02/09/2019 12:42:30,1.0,1.0,1.0
02/09/2019 12:59:55,1.0,1.0,1.0
02/09/2019 13:03:18,1.0,1.0,1.0
02/09/2019 13:13:40,1.0,1.0,1.0
02/09/2019 13:20:03,1.0,1.0,1.0
02/09/2019 13:22:00,1.0,1.0,1.0
02/09/2019 13:22:17,1.0,1.0,1.0
02/09/2019 13:28:31,1.0,1.0,1.0
02/09/2019 13:33:18,1.0,1.0,1.0
02/09/2019 13:40:57,1.0,1.0,1.0
02/09/2019 13:41:07,1.0,1.0,1.0
02/09/2019 13:43:22,1.0,1.0,1.0
02/09/2019 13:43:53,1.0,1.0,1.0
02/09/2019 13:44:02,1.0,1.0,1.0
02/09/2019 13:44:55,1.0,1.0,1.0
02/09/2019 13:45:01,1.0,1.0,1.0
02/09/2019 13:45:11,1.0,1.0,1.0
02/09/2019 13:45:21,1.0,1.0,1.0
02/09/2019 13:45:55,1.0,1.0,1.0
02/09/2019 13:51:00,1.0,1.0,1.0
02/09/2019 13:51:37,1.0,1.0,1.0
02/09/2019 13:52:23,1.0,1.0,1.0
02/09/2019 13:52:40,1.0,1.0,1.0
02/09/2019 13:53:14,1.0,1.0,1.0
02/09/2019 13:53:20,1.0,1.0,1.0
02/09/2019 13:53:56,1.0,1.0,1.0
02/09/2019 13:54:25,1.0,1.0,1.0
02/09/2019 13:54:44,1.0,1.0,1.0
02/09/2019 13:55:06,1.0,1.0,1.0
02/09/2019 13:55:52,1.0,1.0,1.0
02/09/2019 13:56:12,1.0,1.0,1.0
02/09/2019 13:56:43,1.0,1.0,1.0
02/09/2019 13:57:03,1.0,1.0,1.0
02/09/2019 13:58:42,1.0,1.0,1.0
02/09/2019 13:59:38,1.0,1.0,1.0
02/09/2019 14:01:24,1.0,1.0,1.0
02/09/2019 14:02:05,1.0,1.0,1.0
02/09/2019 14:05:50,1.0,1.0,1.0
02/09/2019 14:07:43,1.0,1.0,1.0
02/09/2019 14:11:26,1.0,1.0,1.0
02/09/2019 14:11:54,1.0,1.0,1.0
02/09/2019 14:15:22,1.0,1.0,1.0
02/09/2019 14:17:47,1.0,1.0,1.0
02/09/2019 14:19:48,1.0,1.0,1.0
02/09/2019 14:25:29,1.0,1.0,1.0
02/09/2019 14:26:46,1.0,1.0,1.0
02/09/2019 14:30:20,1.0,1.0,1.0
02/09/2019 14:32:34,1.0,1.0,1.0
02/09/2019 14:33:20,1.0,1.0,1.0
02/09/2019 14:36:00,1.0,1.0,1.0
02/09/2019 14:37:49,1.0,1.0,1.0
02/09/2019 14:38:35,1.0,1.0,1.0
02/09/2019 14:38:56,1.0,1.0,1.0
02/09/2019 14:39:19,1.0,1.0,1.0
02/09/2019 14:39:26,1.0,1.0,1.0
02/09/2019 14:39:56,1.0,1.0,1.0
02/09/2019 14:40:10,1.0,1.0,1.0
02/09/2019 14:42:06,1.0,1.0,1.0
02/09/2019 15:02:53,1.0,1.0,1.0
02/09/2019 15:17:17,1.0,1.0,1.0
02/09/2019 15:18:29,1.0,1.0,1.0
02/09/2019 15:19:49,1.0,1.0,1.0
02/09/2019 15:29:08,1.0,1.0,1.0
02/09/2019 15:31:18,1.0,1.0,1.0
02/09/2019 15:32:24,1.0,1.0,1.0
02/09/2019 15:38:02,1.0,1.0,1.0
02/09/2019 15:39:31,1.0,1.0,1.0
02/09/2019 15:41:34,1.0,1.0,1.0
02/09/2019 15:42:00,1.0,1.0,1.0
02/09/2019 15:42:08,1.0,1.0,1.0
02/09/2019 15:48:22,1.0,1.0,1.0
02/09/2019 15:48:37,1.0,1.0,1.0
02/09/2019 15:59:49,1.0,1.0,1.0
02/09/2019 16:20:25,1.0,1.0,1.0
02/09/2019 16:20:55,1.0,1.0,1.0
02/09/2019 16:21:09,1.0,1.0,1.0
02/09/2019 16:23:15,1.0,1.0,1.0
02/09/2019 16:23:52,1.0,1.0,1.0
02/09/2019 16:24:21,1.0,1.0,1.0
02/09/2019 16:25:36,1.0,1.0,1.0
02/09/2019 16:26:05,1.0,1.0,1.0
02/09/2019 16:30:05,1.0,1.0,1.0
02/09/2019 16:34:23,1.0,1.0,1.0
02/09/2019 16:41:37,1.0,1.0,1.0
02/09/2019 16:42:18,1.0,1.0,1.0
02/09/2019 16:45:06,1.0,1.0,1.0
02/09/2019 16:57:17,1.0,1.0,1.0
02/09/2019 16:57:30,1.0,1.0,1.0
02/09/2019 16:57:49,1.0,1.0,1.0
02/09/2019 16:59:04,1.0,1.0,1.0
02/09/2019 16:59:29,1.0,1.0,1.0
02/09/2019 16:59:59,1.0,1.0,1.0
02/09/2019 17:00:38,1.0,1.0,1.0
02/09/2019 17:01:40,1.0,1.0,1.0
02/09/2019 17:01:49,1.0,1.0,1.0
02/09/2019 17:02:30,1.0,1.0,1.0
02/09/2019 17:03:19,1.0,1.0,1.0
02/09/2019 17:04:19,1.0,1.0,1.0
02/09/2019 17:04:29,1.0,1.0,1.0
02/09/2019 17:04:39,1.0,1.0,1.0
02/09/2019 17:05:15,1.0,1.0,1.0
02/09/2019 17:05:30,1.0,1.0,1.0
02/09/2019 17:06:31,1.0,1.0,1.0
02/09/2019 17:07:09,1.0,1.0,1.0
02/09/2019 17:07:42,1.0,1.0,1.0
02/09/2019 17:07:49,1.0,1.0,1.0
02/09/2019 17:08:26,1.0,1.0,1.0
02/09/2019 17:08:39,1.0,1.0,1.0
02/09/2019 17:09:16,1.0,1.0,1.0
02/09/2019 17:09:30,1.0,1.0,1.0
02/09/2019 17:10:00,1.0,1.0,1.0
02/09/2019 17:10:43,1.0,1.0,1.0
02/09/2019 17:10:49,1.0,1.0,1.0
02/09/2019 17:11:00,1.0,1.0,1.0
02/09/2019 17:11:30,1.0,1.0,1.0
02/09/2019 17:11:52,1.0,1.0,1.0
02/09/2019 17:12:36,1.0,1.0,1.0
02/09/2019 17:14:13,1.0,1.0,1.0
02/09/2019 17:14:20,1.0,1.0,1.0
02/09/2019 17:14:59,1.0,1.0,1.0
02/09/2019 17:16:25,1.0,1.0,1.0
02/09/2019 17:16:40,1.0,1.0,1.0
02/09/2019 17:16:50,1.0,1.0,1.0
02/09/2019 17:18:06,1.0,1.0,1.0
02/09/2019 17:18:56,1.0,1.0,1.0
02/09/2019 17:19:20,1.0,1.0,1.0
02/09/2019 17:20:00,1.0,1.0,1.0
02/09/2019 17:24:18,1.0,1.0,0.0
02/09/2019 17:24:50,1.0,1.0,0.0
02/09/2019 17:25:21,1.0,1.0,0.0
02/09/2019 17:25:43,1.0,1.0,0.0
02/09/2019 17:25:50,1.0,1.0,0.0
02/09/2019 17:26:20,1.0,1.0,0.0
02/09/2019 17:27:34,1.0,1.0,0.0
02/09/2019 17:28:09,1.0,1.0,0.0
02/09/2019 17:28:31,1.0,1.0,0.0
02/09/2019 17:40:07,1.0,1.0,1.0
02/09/2019 17:41:35,1.0,1.0,1.0
02/09/2019 17:42:22,1.0,1.0,1.0
02/09/2019 17:44:08,1.0,1.0,1.0
02/09/2019 17:45:27,1.0,1.0,1.0
02/09/2019 17:48:06,1.0,1.0,1.0
02/09/2019 17:48:44,1.0,1.0,1.0
02/09/2019 17:49:24,1.0,1.0,1.0
02/09/2019 17:49:40,1.0,1.0,1.0
02/09/2019 17:50:20,1.0,1.0,1.0
02/09/2019 17:50:45,1.0,1.0,1.0
02/09/2019 17:51:16,1.0,1.0,1.0
02/09/2019 17:52:00,1.0,1.0,1.0
02/09/2019 17:52:34,1.0,1.0,1.0
02/09/2019 17:53:04,1.0,1.0,1.0
02/09/2019 17:55:24,1.0,1.0,1.0
02/09/2019 17:55:50,1.0,1.0,1.0
02/09/2019 17:56:48,1.0,1.0,1.0
02/09/2019 17:57:17,1.0,1.0,1.0
02/09/2019 17:57:30,1.0,1.0,1.0
02/09/2019 17:57:56,1.0,1.0,1.0
02/09/2019 17:58:10,1.0,1.0,1.0
02/09/2019 18:00:16,1.0,1.0,1.0
02/09/2019 18:01:53,1.0,1.0,1.0
02/09/2019 18:15:55,1.0,0.0,0.0
02/09/2019 18:16:48,1.0,1.0,1.0
02/09/2019 18:17:13,1.0,1.0,1.0
02/09/2019 18:18:27,1.0,1.0,1.0
02/09/2019 18:18:52,1.0,1.0,1.0
02/09/2019 18:19:46,1.0,1.0,1.0
02/09/2019 18:20:08,1.0,1.0,1.0
02/09/2019 18:20:24,1.0,1.0,1.0
02/09/2019 18:20:34,1.0,1.0,1.0
02/09/2019 18:21:06,1.0,1.0,1.0
02/09/2019 18:22:07,1.0,1.0,1.0
02/09/2019 18:22:15,1.0,1.0,1.0
02/09/2019 18:22:42,1.0,1.0,1.0
02/09/2019 18:23:52,1.0,1.0,1.0
02/09/2019 18:25:14,1.0,1.0,1.0
02/09/2019 18:25:24,1.0,1.0,1.0
02/09/2019 18:25:34,1.0,1.0,1.0
02/09/2019 18:25:44,1.0,1.0,1.0
02/09/2019 18:27:17,1.0,0.0,0.0
02/09/2019 20:58:07,1.0,0.0,0.0
02/09/2019 20:58:26,1.0,0.0,0.0
02/09/2019 20:59:50,1.0,0.0,1.0
02/09/2019 21:00:20,1.0,1.0,1.0
02/09/2019 21:00:26,1.0,1.0,1.0
02/09/2019 21:02:03,1.0,1.0,1.0
02/09/2019 21:02:25,1.0,1.0,0.0
02/09/2019 21:03:01,1.0,1.0,1.0
02/09/2019 21:03:52,1.0,1.0,1.0
02/09/2019 21:04:06,1.0,1.0,1.0
02/09/2019 21:04:15,1.0,1.0,1.0
02/09/2019 21:04:53,1.0,1.0,1.0
02/09/2019 21:05:06,1.0,1.0,1.0
02/09/2019 21:05:27,1.0,1.0,1.0
02/09/2019 21:05:46,1.0,1.0,1.0
02/09/2019 21:06:18,1.0,1.0,1.0
02/09/2019 21:07:04,1.0,1.0,1.0
02/09/2019 21:07:17,1.0,1.0,1.0
02/09/2019 21:07:35,1.0,1.0,1.0
02/09/2019 21:08:49,1.0,1.0,1.0
02/09/2019 21:08:56,1.0,1.0,1.0
02/09/2019 21:09:21,1.0,1.0,1.0
02/09/2019 21:09:46,1.0,1.0,1.0
02/09/2019 21:10:14,1.0,1.0,1.0
02/09/2019 21:11:17,1.0,1.0,1.0
02/09/2019 21:11:53,1.0,1.0,1.0
02/09/2019 21:12:29,1.0,1.0,1.0
02/09/2019 21:12:56,1.0,1.0,1.0
02/09/2019 21:14:16,1.0,1.0,1.0
02/09/2019 21:16:28,1.0,1.0,1.0
02/09/2019 21:16:35,1.0,1.0,1.0
02/09/2019 21:17:04,1.0,1.0,1.0
02/09/2019 21:17:22,1.0,1.0,1.0
02/09/2019 21:18:17,1.0,1.0,1.0
02/09/2019 21:18:36,1.0,1.0,1.0
02/09/2019 21:19:06,1.0,1.0,1.0
02/09/2019 21:19:16,1.0,1.0,1.0
02/09/2019 21:20:11,1.0,1.0,1.0
02/09/2019 21:20:42,1.0,1.0,1.0
02/09/2019 21:21:06,1.0,1.0,1.0
02/09/2019 21:21:16,1.0,1.0,1.0
02/09/2019 21:21:26,1.0,1.0,1.0
02/09/2019 21:21:50,1.0,1.0,1.0
02/09/2019 21:21:56,1.0,1.0,1.0
02/09/2019 21:22:29,1.0,1.0,1.0
02/09/2019 21:23:37,1.0,1.0,1.0
02/09/2019 21:23:59,1.0,1.0,1.0
02/09/2019 21:24:06,1.0,1.0,1.0
02/09/2019 21:24:26,1.0,1.0,1.0
02/09/2019 21:24:56,1.0,1.0,1.0
02/09/2019 21:25:38,1.0,1.0,1.0
02/09/2019 21:26:08,1.0,1.0,1.0
02/09/2019 21:26:17,1.0,1.0,1.0
02/09/2019 21:26:37,1.0,1.0,1.0
02/09/2019 21:27:13,1.0,1.0,1.0
02/09/2019 21:27:57,1.0,1.0,1.0
02/09/2019 21:28:34,1.0,1.0,1.0
02/09/2019 21:28:58,1.0,1.0,1.0
02/09/2019 21:29:51,1.0,1.0,1.0
02/09/2019 21:51:02,1.0,0.0,0.0
02/09/2019 21:52:48,1.0,1.0,1.0
02/09/2019 21:55:38,1.0,1.0,1.0
02/09/2019 21:56:43,1.0,1.0,1.0
02/09/2019 22:04:59,1.0,1.0,1.0
02/09/2019 22:08:13,1.0,1.0,1.0
02/09/2019 22:19:50,1.0,1.0,1.0
02/09/2019 22:20:07,1.0,1.0,1.0
02/09/2019 22:21:38,1.0,1.0,1.0
02/09/2019 22:23:49,1.0,1.0,1.0
02/09/2019 22:29:16,1.0,1.0,1.0
02/09/2019 22:32:15,1.0,1.0,1.0
02/09/2019 22:32:37,1.0,1.0,1.0
02/09/2019 22:34:16,1.0,1.0,1.0
02/09/2019 22:36:46,1.0,1.0,0.0
02/09/2019 22:37:08,1.0,1.0,0.0
02/09/2019 22:45:08,1.0,1.0,0.0
02/09/2019 22:45:35,1.0,1.0,0.0
02/09/2019 22:45:56,1.0,1.0,0.0
02/09/2019 22:46:07,1.0,1.0,0.0
02/09/2019 22:46:32,1.0,1.0,0.0
02/09/2019 22:47:05,1.0,1.0,0.0
02/09/2019 22:47:27,1.0,1.0,0.0
02/09/2019 22:47:59,1.0,1.0,0.0
02/09/2019 22:49:11,1.0,1.0,0.0
02/09/2019 22:49:17,1.0,1.0,0.0
02/09/2019 22:49:56,1.0,1.0,0.0
02/09/2019 22:50:58,1.0,1.0,0.0
02/09/2019 22:51:07,1.0,1.0,0.0
02/09/2019 23:04:01,1.0,1.0,1.0
02/09/2019 23:05:19,1.0,1.0,1.0
02/09/2019 23:09:28,1.0,1.0,1.0
02/09/2019 23:12:31,1.0,1.0,1.0
02/09/2019 23:13:00,1.0,1.0,1.0
02/09/2019 23:16:43,1.0,1.0,1.0
02/09/2019 23:16:59,1.0,1.0,1.0
02/09/2019 23:18:01,1.0,1.0,1.0
02/09/2019 23:18:35,1.0,1.0,1.0
02/09/2019 23:22:59,1.0,1.0,1.0
02/09/2019 23:23:07,1.0,1.0,1.0
02/09/2019 23:28:00,1.0,1.0,1.0
02/09/2019 23:28:45,1.0,1.0,1.0
02/09/2019 23:29:49,1.0,1.0,1.0
02/09/2019 23:32:58,1.0,1.0,1.0
02/09/2019 23:34:34,1.0,1.0,1.0
02/09/2019 23:35:12,1.0,1.0,1.0
02/09/2019 23:35:50,1.0,1.0,1.0
02/09/2019 23:38:32,1.0,1.0,1.0
02/09/2019 23:38:53,1.0,1.0,1.0
02/09/2019 23:40:06,1.0,1.0,1.0
02/09/2019 23:40:42,1.0,1.0,1.0
02/09/2019 23:44:44,1.0,1.0,1.0
02/09/2019 23:47:52,1.0,1.0,1.0
02/09/2019 23:48:15,1.0,1.0,1.0
02/09/2019 23:48:50,1.0,1.0,1.0
02/09/2019 23:51:22,1.0,1.0,1.0
02/09/2019 23:51:41,1.0,1.0,1.0
02/09/2019 23:51:54,1.0,1.0,1.0
02/09/2019 23:52:13,1.0,1.0,1.0
02/09/2019 23:53:29,1.0,1.0,1.0
02/09/2019 23:54:09,1.0,1.0,1.0
02/09/2019 23:54:25,1.0,1.0,1.0
02/09/2019 23:55:36,1.0,1.0,1.0
02/09/2019 23:57:03,1.0,1.0,1.0
03/09/2019 00:01:52,1.0,1.0,1.0
03/09/2019 00:02:04,1.0,1.0,1.0
03/09/2019 00:02:33,1.0,1.0,1.0
03/09/2019 00:03:41,1.0,1.0,1.0
03/09/2019 00:08:55,1.0,1.0,1.0
03/09/2019 00:10:35,1.0,1.0,1.0
03/09/2019 00:11:02,1.0,1.0,1.0
03/09/2019 00:13:18,1.0,1.0,1.0
03/09/2019 00:14:27,1.0,1.0,1.0
03/09/2019 00:15:45,1.0,1.0,1.0
03/09/2019 00:17:30,1.0,1.0,1.0
03/09/2019 00:18:33,1.0,1.0,1.0
03/09/2019 00:18:53,1.0,1.0,1.0
03/09/2019 00:20:11,1.0,1.0,1.0
03/09/2019 00:20:47,1.0,1.0,1.0
03/09/2019 00:21:51,1.0,1.0,1.0
03/09/2019 00:27:24,1.0,1.0,1.0
03/09/2019 00:27:37,1.0,1.0,1.0
03/09/2019 00:32:05,1.0,1.0,1.0
03/09/2019 00:36:20,1.0,1.0,1.0
03/09/2019 00:38:46,1.0,1.0,1.0
03/09/2019 00:39:01,1.0,1.0,1.0
03/09/2019 00:40:39,1.0,1.0,1.0
03/09/2019 00:41:31,1.0,1.0,1.0
03/09/2019 00:41:56,1.0,1.0,1.0
03/09/2019 00:45:48,1.0,1.0,1.0
03/09/2019 00:46:14,1.0,1.0,1.0
03/09/2019 00:48:21,1.0,1.0,1.0
03/09/2019 00:49:28,1.0,1.0,1.0
03/09/2019 00:54:53,1.0,1.0,1.0
03/09/2019 00:55:20,1.0,1.0,1.0
03/09/2019 00:55:59,1.0,1.0,1.0
03/09/2019 00:56:22,1.0,1.0,1.0
03/09/2019 00:56:40,1.0,1.0,1.0
03/09/2019 00:57:10,1.0,1.0,1.0
03/09/2019 00:57:22,1.0,1.0,1.0
03/09/2019 00:57:33,1.0,1.0,1.0
03/09/2019 00:58:44,1.0,1.0,1.0
03/09/2019 01:00:51,1.0,1.0,1.0
03/09/2019 01:01:06,1.0,1.0,1.0
03/09/2019 01:01:17,1.0,1.0,1.0
03/09/2019 01:01:27,1.0,1.0,1.0
03/09/2019 01:02:06,1.0,1.0,1.0
03/09/2019 01:03:10,1.0,1.0,1.0
03/09/2019 01:04:03,1.0,1.0,1.0
03/09/2019 01:04:32,1.0,1.0,1.0
03/09/2019 01:39:38,1.0,1.0,1.0
03/09/2019 01:41:19,1.0,1.0,1.0
03/09/2019 01:41:27,1.0,1.0,1.0
03/09/2019 01:41:49,1.0,1.0,1.0
03/09/2019 01:55:06,1.0,1.0,1.0
03/09/2019 02:12:46,1.0,1.0,1.0
03/09/2019 03:00:44,1.0,1.0,1.0
03/09/2019 03:02:02,1.0,1.0,1.0
03/09/2019 03:39:33,1.0,1.0,1.0
03/09/2019 08:31:53,1.0,1.0,1.0
03/09/2019 08:54:13,1.0,1.0,1.0
03/09/2019 09:11:32,1.0,1.0,0.0
03/09/2019 09:11:42,1.0,1.0,0.0
03/09/2019 09:12:26,1.0,1.0,0.0
03/09/2019 09:12:32,1.0,1.0,0.0
03/09/2019 09:12:42,1.0,1.0,0.0
03/09/2019 09:13:10,1.0,1.0,0.0
03/09/2019 09:14:26,1.0,1.0,1.0
03/09/2019 09:16:34,1.0,1.0,1.0
03/09/2019 09:16:41,1.0,1.0,1.0
03/09/2019 09:17:20,1.0,1.0,1.0
03/09/2019 09:18:06,1.0,1.0,1.0
03/09/2019 09:21:41,1.0,1.0,1.0
03/09/2019 09:21:52,1.0,1.0,1.0
03/09/2019 09:23:33,1.0,1.0,1.0
03/09/2019 09:24:03,1.0,1.0,1.0
03/09/2019 09:25:48,1.0,1.0,1.0
03/09/2019 09:26:23,1.0,1.0,1.0
03/09/2019 09:28:19,1.0,1.0,1.0
03/09/2019 09:28:56,1.0,1.0,1.0
03/09/2019 09:29:51,1.0,1.0,1.0
03/09/2019 09:30:05,1.0,1.0,1.0
03/09/2019 09:30:42,1.0,1.0,1.0
03/09/2019 09:30:52,1.0,1.0,1.0
03/09/2019 09:31:03,1.0,1.0,1.0
03/09/2019 09:31:29,1.0,1.0,1.0
03/09/2019 09:31:52,1.0,1.0,1.0
03/09/2019 09:32:30,1.0,1.0,1.0
03/09/2019 09:33:04,1.0,1.0,1.0
03/09/2019 09:33:30,1.0,1.0,1.0
03/09/2019 09:33:42,1.0,1.0,1.0
03/09/2019 09:34:02,1.0,1.0,1.0
03/09/2019 09:38:14,1.0,1.0,1.0
03/09/2019 09:38:33,1.0,1.0,1.0
03/09/2019 09:39:06,1.0,1.0,1.0
03/09/2019 09:39:39,1.0,1.0,1.0
03/09/2019 09:40:23,1.0,1.0,1.0
03/09/2019 10:26:24,1.0,1.0,1.0
03/09/2019 10:26:51,1.0,1.0,1.0
03/09/2019 10:27:12,1.0,1.0,1.0
03/09/2019 10:27:24,1.0,1.0,1.0
03/09/2019 10:27:44,1.0,1.0,1.0
03/09/2019 10:28:49,1.0,1.0,1.0
03/09/2019 10:29:18,1.0,1.0,1.0
03/09/2019 10:29:35,1.0,1.0,1.0
03/09/2019 10:29:44,1.0,1.0,1.0
03/09/2019 10:30:10,1.0,1.0,1.0
03/09/2019 10:30:25,1.0,1.0,1.0
03/09/2019 10:30:44,1.0,1.0,1.0
03/09/2019 10:31:24,1.0,1.0,1.0
03/09/2019 10:32:24,1.0,1.0,1.0
03/09/2019 10:32:45,1.0,1.0,1.0
03/09/2019 10:33:35,1.0,1.0,1.0
03/09/2019 10:34:06,1.0,1.0,1.0
03/09/2019 10:50:20,1.0,1.0,1.0
03/09/2019 10:50:49,1.0,1.0,1.0
03/09/2019 10:56:25,1.0,1.0,1.0
03/09/2019 10:57:53,1.0,1.0,1.0
03/09/2019 11:01:05,1.0,0.0,1.0
03/09/2019 11:02:56,1.0,1.0,1.0
03/09/2019 11:18:56,1.0,1.0,1.0
03/09/2019 11:25:14,1.0,1.0,1.0
03/09/2019 11:32:37,1.0,1.0,1.0
03/09/2019 11:34:56,1.0,1.0,1.0
03/09/2019 11:35:45,1.0,1.0,1.0
03/09/2019 11:40:24,1.0,1.0,1.0
03/09/2019 11:40:31,1.0,1.0,1.0
03/09/2019 11:40:51,1.0,1.0,1.0
03/09/2019 11:41:41,1.0,1.0,1.0
03/09/2019 11:42:44,1.0,1.0,1.0
03/09/2019 11:42:51,1.0,1.0,1.0
03/09/2019 11:43:14,1.0,1.0,1.0
03/09/2019 11:43:37,1.0,1.0,1.0
03/09/2019 11:44:11,1.0,1.0,1.0
03/09/2019 11:45:57,1.0,1.0,1.0
03/09/2019 11:47:50,1.0,1.0,1.0
03/09/2019 11:48:59,1.0,1.0,1.0
03/09/2019 11:50:09,1.0,1.0,1.0
03/09/2019 11:51:39,1.0,1.0,1.0
03/09/2019 11:53:06,1.0,1.0,1.0
03/09/2019 11:53:31,1.0,1.0,1.0
03/09/2019 11:54:17,1.0,1.0,1.0
03/09/2019 11:54:50,1.0,1.0,1.0
03/09/2019 11:55:42,1.0,1.0,1.0
03/09/2019 11:56:04,1.0,1.0,1.0
03/09/2019 11:56:22,1.0,1.0,1.0
03/09/2019 11:56:41,1.0,1.0,1.0
03/09/2019 11:57:38,1.0,1.0,1.0
03/09/2019 11:58:01,1.0,1.0,1.0
03/09/2019 11:58:31,1.0,1.0,1.0
03/09/2019 12:00:28,1.0,1.0,1.0
03/09/2019 12:01:05,1.0,1.0,1.0
03/09/2019 12:01:21,1.0,1.0,1.0
03/09/2019 12:01:31,1.0,1.0,1.0
03/09/2019 12:02:14,1.0,1.0,1.0
03/09/2019 12:02:38,1.0,1.0,1.0
03/09/2019 12:04:03,1.0,1.0,1.0
03/09/2019 12:04:58,1.0,1.0,1.0
03/09/2019 12:05:13,1.0,1.0,1.0
03/09/2019 12:16:33,1.0,1.0,1.0
03/09/2019 12:17:54,1.0,1.0,1.0
03/09/2019 12:21:29,1.0,1.0,1.0
03/09/2019 12:21:42,1.0,1.0,1.0
03/09/2019 12:22:31,1.0,1.0,1.0
03/09/2019 12:22:41,1.0,1.0,1.0
03/09/2019 12:23:01,1.0,1.0,1.0
03/09/2019 12:27:48,1.0,1.0,1.0
03/09/2019 12:28:12,1.0,1.0,1.0
03/09/2019 12:29:07,1.0,1.0,1.0
03/09/2019 12:29:22,1.0,1.0,1.0
03/09/2019 12:31:21,1.0,1.0,1.0
03/09/2019 12:34:01,1.0,1.0,1.0
03/09/2019 12:35:04,1.0,1.0,1.0
03/09/2019 12:35:12,1.0,1.0,1.0
03/09/2019 12:35:53,1.0,1.0,1.0
03/09/2019 12:37:14,1.0,1.0,1.0
03/09/2019 12:41:23,1.0,1.0,1.0
03/09/2019 12:41:51,1.0,1.0,1.0
03/09/2019 12:42:04,1.0,1.0,1.0
03/09/2019 12:42:12,1.0,1.0,1.0
03/09/2019 12:42:33,1.0,1.0,1.0
03/09/2019 12:43:06,1.0,1.0,1.0
03/09/2019 12:44:31,1.0,1.0,1.0
03/09/2019 12:45:28,1.0,1.0,1.0
03/09/2019 12:46:36,1.0,1.0,1.0
03/09/2019 12:50:27,1.0,1.0,0.0
03/09/2019 12:51:03,1.0,1.0,0.0
03/09/2019 12:53:47,1.0,1.0,0.0
03/09/2019 12:55:59,1.0,1.0,0.0
03/09/2019 12:56:13,1.0,1.0,0.0
03/09/2019 12:56:22,1.0,1.0,0.0
03/09/2019 12:56:42,1.0,1.0,0.0
03/09/2019 12:56:52,1.0,1.0,0.0
03/09/2019 12:58:04,1.0,1.0,0.0
03/09/2019 12:58:22,1.0,1.0,0.0
03/09/2019 13:10:56,1.0,1.0,0.0
03/09/2019 13:26:56,1.0,1.0,0.0
03/09/2019 13:42:57,1.0,1.0,0.0
03/09/2019 13:51:44,1.0,1.0,0.0
03/09/2019 13:52:05,1.0,1.0,0.0
03/09/2019 13:52:13,1.0,1.0,0.0
03/09/2019 13:52:51,1.0,1.0,0.0
03/09/2019 13:53:03,1.0,1.0,0.0
03/09/2019 13:53:42,1.0,1.0,0.0
03/09/2019 13:54:02,1.0,1.0,0.0
03/09/2019 13:54:23,1.0,1.0,0.0
03/09/2019 13:54:52,1.0,1.0,0.0
03/09/2019 13:55:03,1.0,1.0,0.0
03/09/2019 13:58:57,1.0,1.0,0.0
03/09/2019 14:14:57,1.0,1.0,0.0
03/09/2019 14:30:57,1.0,1.0,0.0
03/09/2019 14:33:07,1.0,1.0,0.0
03/09/2019 14:46:57,1.0,1.0,0.0
03/09/2019 14:56:52,1.0,1.0,0.0
03/09/2019 14:58:14,1.0,1.0,0.0
03/09/2019 14:58:23,1.0,1.0,0.0
03/09/2019 15:02:57,1.0,1.0,1.0
03/09/2019 15:18:56,1.0,1.0,1.0
03/09/2019 15:21:49,1.0,1.0,1.0
03/09/2019 15:23:18,1.0,1.0,1.0
03/09/2019 15:34:37,1.0,1.0,1.0
03/09/2019 15:34:44,1.0,1.0,1.0
03/09/2019 15:35:03,1.0,1.0,1.0
03/09/2019 15:38:43,1.0,1.0,1.0
03/09/2019 15:39:53,1.0,1.0,1.0
03/09/2019 15:40:04,1.0,1.0,1.0
03/09/2019 15:40:27,1.0,1.0,1.0
03/09/2019 15:40:48,1.0,1.0,1.0
03/09/2019 15:41:27,1.0,1.0,1.0
03/09/2019 15:42:03,1.0,1.0,1.0
03/09/2019 15:42:14,1.0,1.0,1.0
03/09/2019 15:44:17,1.0,1.0,1.0
03/09/2019 15:44:47,1.0,1.0,1.0
03/09/2019 15:50:57,1.0,1.0,1.0
03/09/2019 15:57:27,1.0,1.0,1.0
03/09/2019 15:58:10,1.0,1.0,1.0
03/09/2019 16:06:56,1.0,1.0,1.0
03/09/2019 16:08:17,1.0,1.0,1.0
03/09/2019 16:18:35,1.0,1.0,1.0
03/09/2019 16:22:57,1.0,1.0,1.0
03/09/2019 16:23:38,1.0,1.0,1.0
03/09/2019 16:27:49,1.0,1.0,1.0
03/09/2019 16:28:55,1.0,1.0,1.0
03/09/2019 16:31:01,1.0,1.0,1.0
03/09/2019 16:31:24,1.0,1.0,1.0
03/09/2019 16:32:29,1.0,1.0,1.0
03/09/2019 16:38:56,1.0,1.0,1.0
03/09/2019 16:54:57,1.0,1.0,1.0
03/09/2019 16:55:36,1.0,1.0,1.0
03/09/2019 16:55:44,1.0,1.0,1.0
03/09/2019 16:56:39,1.0,1.0,1.0
03/09/2019 16:57:00,1.0,1.0,1.0
03/09/2019 17:05:07,1.0,1.0,1.0
03/09/2019 17:07:04,1.0,1.0,1.0
03/09/2019 17:07:14,1.0,1.0,1.0
03/09/2019 17:10:16,1.0,1.0,1.0
03/09/2019 17:10:25,1.0,1.0,1.0
03/09/2019 17:10:57,1.0,1.0,1.0
03/09/2019 17:11:14,1.0,1.0,1.0
03/09/2019 17:11:34,1.0,1.0,1.0
03/09/2019 17:12:54,1.0,1.0,1.0
03/09/2019 17:18:44,1.0,1.0,1.0
03/09/2019 17:20:24,1.0,1.0,1.0
03/09/2019 17:22:45,1.0,1.0,1.0
03/09/2019 17:23:34,1.0,1.0,1.0
03/09/2019 17:23:52,1.0,1.0,1.0
03/09/2019 17:26:56,1.0,1.0,1.0
03/09/2019 17:35:24,1.0,1.0,1.0
03/09/2019 17:35:54,1.0,1.0,1.0
03/09/2019 17:36:52,1.0,0.0,1.0
03/09/2019 17:37:36,1.0,0.0,0.0
03/09/2019 17:38:05,1.0,0.0,0.0
03/09/2019 17:38:31,1.0,0.0,0.0
03/09/2019 17:39:37,1.0,0.0,0.0
03/09/2019 17:39:55,1.0,0.0,0.0
03/09/2019 17:41:02,1.0,0.0,0.0
03/09/2019 17:41:56,1.0,0.0,0.0
03/09/2019 17:42:57,1.0,0.0,0.0
03/09/2019 17:58:56,1.0,0.0,0.0
03/09/2019 18:14:57,1.0,0.0,0.0
03/09/2019 18:30:57,1.0,0.0,0.0
03/09/2019 18:46:57,1.0,0.0,0.0
03/09/2019 19:02:57,1.0,0.0,0.0
03/09/2019 19:18:57,1.0,0.0,0.0
03/09/2019 19:34:57,1.0,0.0,0.0
03/09/2019 19:50:57,1.0,0.0,0.0
03/09/2019 20:06:57,1.0,0.0,0.0
03/09/2019 20:22:57,1.0,0.0,0.0
03/09/2019 20:38:56,1.0,0.0,0.0
03/09/2019 20:54:57,1.0,0.0,0.0
03/09/2019 21:10:57,1.0,0.0,0.0
03/09/2019 21:26:57,1.0,0.0,0.0
03/09/2019 21:42:57,1.0,0.0,0.0
03/09/2019 21:58:57,1.0,0.0,0.0
03/09/2019 22:14:57,1.0,0.0,0.0
03/09/2019 22:30:57,1.0,0.0,0.0
03/09/2019 22:46:57,1.0,0.0,0.0
03/09/2019 23:02:57,1.0,0.0,0.0
03/09/2019 23:18:57,1.0,0.0,0.0
03/09/2019 23:34:57,1.0,0.0,0.0
03/09/2019 23:50:58,1.0,0.0,0.0
04/09/2019 00:06:57,1.0,0.0,0.0
04/09/2019 00:22:57,1.0,0.0,0.0
04/09/2019 00:38:57,1.0,0.0,0.0
04/09/2019 00:54:57,1.0,0.0,0.0
04/09/2019 01:10:57,1.0,0.0,0.0
04/09/2019 01:26:58,1.0,0.0,0.0
04/09/2019 01:42:57,1.0,0.0,0.0
04/09/2019 01:58:58,1.0,0.0,0.0
04/09/2019 02:14:57,1.0,0.0,0.0
04/09/2019 02:30:57,1.0,0.0,0.0
04/09/2019 02:46:57,1.0,0.0,0.0
04/09/2019 03:02:57,1.0,0.0,0.0
04/09/2019 03:18:57,1.0,0.0,0.0
04/09/2019 03:34:57,1.0,0.0,0.0
04/09/2019 03:50:58,1.0,0.0,0.0
04/09/2019 04:06:57,1.0,0.0,0.0
04/09/2019 04:22:57,1.0,0.0,0.0
04/09/2019 04:38:57,1.0,0.0,0.0
04/09/2019 04:54:57,1.0,0.0,0.0
04/09/2019 05:10:58,1.0,0.0,0.0
04/09/2019 05:26:57,1.0,0.0,0.0
04/09/2019 05:42:57,1.0,0.0,0.0
04/09/2019 05:58:58,1.0,0.0,0.0
04/09/2019 06:14:57,1.0,0.0,0.0
04/09/2019 06:30:58,1.0,0.0,0.0
04/09/2019 06:46:57,1.0,0.0,0.0
04/09/2019 07:02:57,1.0,0.0,0.0
04/09/2019 07:18:57,1.0,0.0,0.0
04/09/2019 07:34:57,1.0,0.0,0.0
04/09/2019 07:50:58,1.0,0.0,0.0
04/09/2019 08:06:57,1.0,0.0,0.0
04/09/2019 08:22:57,1.0,0.0,0.0
04/09/2019 08:38:58,1.0,0.0,0.0
04/09/2019 08:54:57,1.0,0.0,0.0
04/09/2019 09:10:58,1.0,0.0,0.0
04/09/2019 09:26:57,1.0,0.0,0.0
04/09/2019 09:42:58,1.0,0.0,0.0
04/09/2019 09:58:57,1.0,0.0,0.0
04/09/2019 10:14:58,1.0,0.0,0.0
04/09/2019 10:30:58,1.0,0.0,0.0
04/09/2019 10:46:57,1.0,0.0,0.0
04/09/2019 11:02:58,1.0,0.0,0.0
04/09/2019 11:18:57,1.0,0.0,0.0
04/09/2019 11:34:57,1.0,0.0,0.0
04/09/2019 11:50:58,1.0,0.0,0.0
04/09/2019 12:06:57,1.0,0.0,0.0
04/09/2019 12:22:58,1.0,0.0,0.0
04/09/2019 12:38:57,1.0,0.0,0.0
04/09/2019 12:54:58,1.0,0.0,0.0
04/09/2019 13:10:58,1.0,0.0,0.0
04/09/2019 13:26:57,1.0,0.0,0.0
04/09/2019 13:42:58,1.0,0.0,0.0
04/09/2019 13:58:57,1.0,0.0,0.0
04/09/2019 14:14:58,1.0,0.0,0.0
04/09/2019 14:30:58,1.0,0.0,0.0
04/09/2019 14:46:58,1.0,0.0,0.0
04/09/2019 15:02:58,1.0,0.0,0.0
04/09/2019 15:18:57,1.0,0.0,0.0
04/09/2019 15:34:58,1.0,0.0,0.0
04/09/2019 15:50:58,1.0,0.0,0.0
04/09/2019 16:03:47,1.0,0.0,1.0
04/09/2019 16:04:15,1.0,0.0,1.0
04/09/2019 16:05:08,1.0,0.0,1.0
04/09/2019 16:05:34,1.0,0.0,1.0
04/09/2019 16:06:13,1.0,1.0,1.0
04/09/2019 16:06:48,1.0,1.0,1.0
04/09/2019 16:10:08,1.0,1.0,1.0
04/09/2019 16:13:39,1.0,1.0,1.0
04/09/2019 16:14:03,1.0,1.0,1.0
04/09/2019 16:14:22,1.0,1.0,1.0
04/09/2019 16:14:52,1.0,1.0,1.0
04/09/2019 16:15:28,1.0,1.0,1.0
04/09/2019 16:16:17,1.0,1.0,1.0
04/09/2019 16:16:35,1.0,1.0,1.0
04/09/2019 16:16:45,1.0,1.0,1.0
04/09/2019 16:20:36,1.0,1.0,1.0
04/09/2019 16:20:54,1.0,1.0,1.0
04/09/2019 16:21:37,1.0,1.0,1.0
04/09/2019 16:22:58,1.0,1.0,1.0
04/09/2019 16:23:15,1.0,1.0,1.0
04/09/2019 16:27:04,1.0,1.0,1.0
04/09/2019 16:38:57,1.0,1.0,1.0
04/09/2019 16:41:02,1.0,1.0,1.0
04/09/2019 16:41:25,1.0,1.0,1.0
04/09/2019 16:41:45,1.0,1.0,1.0
04/09/2019 16:42:32,1.0,1.0,1.0
04/09/2019 16:43:29,1.0,1.0,1.0
04/09/2019 16:44:09,1.0,1.0,1.0
04/09/2019 16:44:35,1.0,1.0,1.0
04/09/2019 16:47:45,1.0,1.0,1.0
04/09/2019 16:47:55,1.0,1.0,1.0
04/09/2019 16:48:49,1.0,1.0,1.0
04/09/2019 16:49:12,1.0,1.0,1.0
04/09/2019 16:49:48,1.0,1.0,1.0
04/09/2019 16:50:07,1.0,1.0,1.0
04/09/2019 16:51:05,1.0,1.0,1.0
04/09/2019 16:51:25,1.0,1.0,1.0
04/09/2019 16:51:59,1.0,1.0,1.0
04/09/2019 16:52:33,1.0,1.0,1.0
04/09/2019 16:53:16,1.0,1.0,1.0
04/09/2019 16:54:42,1.0,1.0,1.0
04/09/2019 16:57:30,1.0,1.0,1.0
04/09/2019 16:57:45,1.0,1.0,1.0
04/09/2019 16:58:36,1.0,1.0,1.0
04/09/2019 16:58:56,1.0,1.0,1.0
04/09/2019 19:40:16,1.0,1.0,1.0
04/09/2019 19:40:26,1.0,1.0,1.0
04/09/2019 19:49:06,1.0,1.0,1.0
04/09/2019 19:49:52,1.0,1.0,1.0
04/09/2019 19:50:16,1.0,1.0,1.0
04/09/2019 20:14:36,1.0,1.0,1.0
04/09/2019 20:15:12,1.0,1.0,1.0
04/09/2019 20:16:45,1.0,1.0,1.0
04/09/2019 20:41:29,1.0,1.0,1.0
04/09/2019 20:49:06,1.0,1.0,1.0
04/09/2019 20:49:19,1.0,1.0,1.0
04/09/2019 20:53:20,1.0,1.0,1.0
04/09/2019 20:53:40,1.0,1.0,1.0
04/09/2019 21:00:01,1.0,1.0,1.0
04/09/2019 21:02:54,1.0,1.0,1.0
04/09/2019 21:03:45,1.0,1.0,1.0
04/09/2019 21:05:11,1.0,1.0,1.0
04/09/2019 21:06:03,1.0,1.0,1.0
04/09/2019 21:06:27,1.0,1.0,1.0
04/09/2019 21:08:58,1.0,1.0,1.0
04/09/2019 21:11:25,1.0,1.0,1.0
04/09/2019 21:12:27,1.0,1.0,1.0
04/09/2019 21:12:49,1.0,1.0,1.0
04/09/2019 21:24:51,1.0,1.0,1.0
04/09/2019 21:25:58,1.0,1.0,1.0
04/09/2019 21:28:31,1.0,1.0,1.0
04/09/2019 21:35:23,1.0,1.0,1.0
04/09/2019 21:35:46,1.0,1.0,1.0
04/09/2019 21:37:15,1.0,1.0,1.0
04/09/2019 21:37:32,1.0,1.0,1.0
04/09/2019 21:38:18,1.0,1.0,1.0
04/09/2019 21:41:58,1.0,1.0,1.0
04/09/2019 21:46:51,1.0,1.0,1.0
04/09/2019 21:47:17,1.0,1.0,1.0
04/09/2019 21:56:18,1.0,1.0,1.0
04/09/2019 21:57:58,1.0,1.0,1.0
